time,A,B,C
0.0,2.0,0.5,0.0
0.01001001001001001,1.8956608336733072,0.5137385689062371,0.059219478111792456
0.02002002002002002,1.8017796769293755,0.5269532124107104,0.11328781049020001
0.03003003003003003,1.7169506996406996,0.5396812781900621,0.162897796602164
0.04004004004004004,1.640010375345519,0.5519564733809803,0.20862305134950931
0.050050050050050046,1.5699873880037165,0.5638093759458059,0.2509426709660002
0.06006006006006006,1.5060643514553518,0.575267857050888,0.29026007514841157
0.07007007007007007,1.4475483809208594,0.5863574287296943,0.32691748628564776
0.08008008008008008,1.3938481638730518,0.5971015350253073,0.3612072071983606
0.09009009009009009,1.3444558938349394,0.6075217959321474,0.3933805038857083
0.10010010010010009,1.2989329721604956,0.6176382139992433,0.42365463358919453
0.11011011011011011,1.2568985329330347,0.6274693504172425,0.4522184836204537
0.12012012012012012,1.2180201971802633,0.637032475966428,0.47923711359140025
0.13013013013013014,1.182006525605516,0.6463437013937922,0.5048554624136605
0.14014014014014015,1.1486008617227859,0.6554180900286578,0.5292013716966237
0.15015015015015015,1.1175762491780328,0.6642697561731039,0.552388081302696
0.16016016016016016,1.0887312180812183,0.6729119511809425,0.5745162979256471
0.17017017017017017,1.0618862694247542,0.6813571391665241,0.5956759207834036
0.18018018018018017,1.0368809297170811,0.689617063837643,0.6159474872949864
0.19019019019019018,1.0135712734773201,0.6977028078014432,0.6354033890887509
0.20020020020020018,0.9918278090861088,0.7056248455513671,0.6541089096754201
0.21021021021021022,0.9715336989381003,0.7133930904182758,0.6721230979921252
0.22022022022022023,0.9525832273715144,0.7210169370199442,0.6894995204601913
0.23023023023023023,0.934880492625447,0.7285052993134021,0.7062869031071018
0.24024024024024024,0.9183382785091279,0.7358666449560759,0.7225296855497572
0.2502502502502503,0.9028770792916958,0.743109026428681,0.7382684998382131
0.2602602602602603,0.8884242508544244,0.750240109355735,0.7535405873874574
0.2702702702702703,0.8749132867148588,0.7572671980250034,0.768380154671686
0.2802802802802803,0.862283160029401,0.7641972592360503,0.7828186966178852
0.2902902902902903,0.8504777723784974,0.7710369436111781,0.7968852676091861
0.3003003003003003,0.8394454550268653,0.7777926053453744,0.8106067267486876
0.3103103103103103,0.8291385348975797,0.7844703204128997,0.8240079514458849
0.3203203203203203,0.8195129540583913,0.7910759032344169,0.8371120247497774
0.3303303303303303,0.8105279253515886,0.7976149222640856,0.8499404049733621
0.34034034034034033,0.8021456330043287,0.8040927142469951,0.862513073256489
0.35035035035035034,0.794330965825183,0.8105143974783048,0.8748486651613948
0.36036036036036034,0.7870512746985739,0.8168848842463903,0.8869645903576956
0.37037037037037035,0.7802761587630407,0.8232088923193596,0.8988771382315257
0.38038038038038036,0.773977284283172,0.8294909554376261,0.910601567475894
0.39039039039039036,0.7681281955394443,0.8357354338041068,0.9221521995970474
0.40040040040040037,0.7627041749756514,0.8419465231140492,0.933542488260392
0.41041041041041043,0.7576820931864103,0.8481282635734116,0.9447850935807695
0.42042042042042044,0.7530402940577726,0.8542845478975615,0.9558919392088663
0.43043043043043044,0.7487584703680992,0.860419129381131,0.9668742740785033
0.44044044044044045,0.7448175705987428,0.8665356289313083,0.9777427188407236
0.45045045045045046,0.7411996968763901,0.8726375422366245,0.988507316642778
0.46046046046046046,0.7378880274722207,0.8787282460508773,0.9991775718561072
0.47047047047047047,0.7348667331930735,0.8848110045063033,1.0097624917784827
0.4804804804804805,0.7321209121083623,0.890888974794923,1.020270619355113
0.4904904904904905,0.7296365205579606,0.8969652128309249,1.0307100677053453
0.5005005005005005,0.7274003167724972,0.9030426783857171,1.0410885484523889
0.5105105105105106,0.7253998053900312,0.9091242400926883,1.051413399604463
0.5205205205205206,0.7236231944112407,0.9152126799501902,1.0616916073354903
0.5305305305305306,0.7220593361564819,0.9213106983036008,1.0719298356007043
0.5405405405405406,0.7206976971302339,0.9274209176916691,1.0821344415631284
0.5505505505505506,0.7195283144717206,0.9335458870783045,1.0923114975774229
0.5605605605605606,0.718541759210742,0.9396880857590653,1.102466809831484
0.5705705705705706,0.7177291087209836,0.9458499268757742,1.112605932480333
0.5805805805805806,0.7170819082624185,0.9520337612705699,1.1227341871158563
0.5905905905905906,0.7165921500209401,0.9582418805590192,1.1328566736388879
0.6006006006006006,0.7162522423720455,0.9644765205814725,1.1429782859311408
0.6106106106106106,0.7160549863338355,0.970739864471194,1.1531037239859983
0.6206206206206206,0.715993555064175,0.9770340455214926,1.1632375045326668
0.6306306306306306,0.7160614688084577,0.9833611501927606,1.1733839738826368
0.6406406406406406,0.7162525794515363,0.989723220665856,1.183547316064878
0.6506506506506506,0.7165610488957388,0.9961222576310547,1.1937315639841972
0.6606606606606606,0.716981333336501,1.0025602227331813,1.2039406076711143
0.6706706706706707,0.7175081674760208,1.009039040980393,1.2141782025564565
0.6806806806806807,0.7181365476130718,1.0155606031723896,1.224447978293774
0.6906906906906907,0.718861720791242,1.0221267679731216,1.2347534445965394
0.7007007007007007,0.7196791706068493,1.0287393641281934,1.2450979987151714
0.7107107107107107,0.7205846018989812,1.035400192738114,1.2554849334692806
0.7207207207207207,0.7215739308383089,1.0421110291449112,1.2659174426000883
0.7307307307307307,0.7226432726826091,1.0488736249456765,1.2763986272765657
0.7407407407407407,0.723788937021891,1.0556897095364077,1.2869314988889045
0.7507507507507507,0.7250074125705976,1.0625609922209176,1.297518987012267
0.7607607607607607,0.7262953574706411,1.069489163972003,1.3081639446390698
0.7707707707707707,0.7276495950222641,1.0764758989376557,1.3188691507584107
0.7807807807807807,0.7290671031997117,1.083522856170451,1.3296373159645187
0.7907907907907907,0.730545005675303,1.0906316812663204,1.3404710873260397
0.8008008008008007,0.7320805661205813,1.0978040078491345,1.3513730516531477
0.8108108108108109,0.7336711810900635,1.1050414590823698,1.3623457394539376
0.8208208208208209,0.7353143725074348,1.1123456491708257,1.3733916290832233
0.8308308308308309,0.7370077822636241,1.1197181846788085,1.3845131498304315
0.8408408408408409,0.7387491668823716,1.1271606658039521,1.3957126849665227
0.8508508508508509,0.7405363910293272,1.134674687811863,1.40699257540115
0.8608608608608609,0.7423674225354826,1.1422618422902844,1.418355122565517
0.8708708708708709,0.7442403272570641,1.149923718489779,1.4298025914102928
0.8808808808808809,0.7461532643048233,1.1576619044545589,1.4413372131566442
0.8908908908908909,0.7481044814515876,1.165477988244465,1.4529611880030948
0.9009009009009009,0.7500923112678338,1.173373559043209,1.4646766874528951
0.9109109109109109,0.7521151665096278,1.1813502083502643,1.4764858570292654
0.9209209209209209,0.7541715362944779,1.1894095310766548,1.488390818589655
0.9309309309309309,0.7562599828424218,1.197553126574502,1.5003936723546756
0.9409409409409409,0.758379137411859,1.205782599748544,1.5124964993507266
0.950950950950951,0.7605276968246397,1.2140995620983395,1.5247013635548738
0.960960960960961,0.7627044203186474,1.2225056327257335,1.5370103138778997
0.970970970970971,0.7649081274549335,1.2310024392659895,1.5494253856291305
0.980980980980981,0.7671376941907929,1.2395916189259997,1.5619486028860399
0.990990990990991,0.7693920502001794,1.2482748194308384,1.5745819802494625
1.001001001001001,0.7716701763560688,1.2570536999587405,1.5873275245227894
1.011011011011011,0.7739711022547288,1.2659299321147333,1.600187236388075
1.021021021021021,0.7762939038822361,1.2749052007713402,1.6131631119761625
1.031031031031031,0.778637701436541,1.2839812049581194,1.6262571443833587
1.0410410410410411,0.7810016570460854,1.293159658769925,1.6394713252473236
1.0510510510510511,0.7833849716487733,1.3024422924179766,1.6528076467702761
1.0610610610610611,0.7857868843344181,1.311830852869461,1.6662681024490071
1.0710710710710711,0.7882066702852811,1.3213271047303243,1.6798546885504326
1.0810810810810811,0.7906436387548706,1.3309328311253492,1.6935694055723183
1.0910910910910911,0.7930971304729528,1.3406498346754583,1.7074142600105442
1.1011011011011012,0.7955665172071279,1.3504799381303412,1.721391265000815
1.1111111111111112,0.7980511999947155,1.360424985221414,1.7355024416636853
1.1211211211211212,0.8005506074234018,1.3704868415195015,1.7497498204336004
1.1311311311311312,0.8030641934798239,1.3806673953833288,1.7641354426282012
1.1411411411411412,0.8055914372600652,1.390968558563821,1.7786613610234216
1.1511511511511512,0.8081318414447265,1.4013922670495322,1.793329641100175
1.1611611611611612,0.8106849308347454,1.41194048191393,1.8081423622685424
1.1711711711711712,0.8132502506195325,1.422615190228715,1.8231016192472254
1.1811811811811812,0.8158273661225918,1.4334184056778105,1.8382095226407658
1.1911911911911912,0.8184158615048389,1.444352169398527,1.8534682000964762
1.2012012012012012,0.8210153385526552,1.4554185508170574,1.8688797974246774
1.2112112112112112,0.8236254153672677,1.466619648516133,1.8844464797825113
1.2212212212212212,0.8262457260346149,1.477957590896852,1.9001704323214463
1.2312312312312312,0.8288759195787468,1.4894345370085476,1.9160538612415423
1.2412412412412412,0.8315156589140101,1.5010526773953417,1.9320989948588143
1.2512512512512513,0.8341646197804609,1.5128142349587006,1.9483080846918046
1.2612612612612613,0.8368224904993703,1.5247214656305907,1.9646834060893619
1.2712712712712713,0.839488971081053,1.5367766592171004,1.9812272592377613
1.2812812812812813,0.8421637722896513,1.548982140256693,1.9979419701952232
1.2912912912912913,0.8448466150333851,1.5613402688840636,2.014829891810023
1.3013013013013013,0.8475372297049898,1.5738534415254386,2.031893404521348
1.3113113113113113,0.8502353558446459,1.5865240917717234,2.0491349171835918
1.3213213213213213,0.8529407411497183,1.5993546912736258,2.0665568681507884
1.3313313313313313,0.8556531409358504,1.6123477505810146,2.084161726148628
1.3413413413413413,0.85837231799797,1.6255058198560102,2.101951990896523
1.3513513513513513,0.8610980419434981,1.6388314897527212,2.119930194059548
1.3613613613613613,0.8638300886326856,1.652327392318855,2.138098900178007
1.3713713713713713,0.8665682393907534,1.6659962021826558,2.156460707910327
1.3813813813813813,0.8693122808568866,1.6798406369438104,2.175018250401722
1.3913913913913913,0.8720620043879402,1.6938634581209397,2.193774196264121
1.4014014014014013,0.87481720553537,1.7080674720382003,2.2127312504801284
1.4114114114114114,0.8775776847267059,1.7224555312038852,2.231892155254714
1.4214214214214214,0.8803432461903802,1.7370305349063084,2.251259690890867
1.4314314314314314,0.8831136969050702,1.751795429820615,2.270836676664924
1.4414414414414414,0.8858888465474131,1.766753211060436,2.290625971688269
1.4514514514514514,0.8886685076703134,1.781906923333972,2.3106304757678737
1.4614614614614614,0.8914524965293891,1.7972596623906052,2.3308531302600572
1.4714714714714714,0.8942406305841736,1.8128145749769622,2.35129691895906
1.4814814814814814,0.897032728862512,1.8285748600764116,2.3719648689556405
1.4914914914914914,0.8998286117382556,1.8445437699105285,2.3928600515219087
1.5015015015015014,0.9026281018840497,1.8607246118321104,2.413985583277619
1.5115115115115114,0.905431022806587,1.8771207484180708,2.435344626804858
1.5215215215215214,0.9082371984449705,1.8937355983539355,2.4569403915053027
1.5315315315315314,0.9110464531246226,1.9105726375830823,2.478776134538597
1.5415415415415414,0.9138586119618173,1.9276354008680785,2.5008551619286705
1.5515515515515514,0.9166735009484076,1.9449274830790506,2.523180829567454
1.5615615615615615,0.9194909454897316,1.9624525391617718,2.545756543722333
1.5715715715715715,0.9223107706940868,1.9802142856007918,2.5685857621055552
1.5815815815815815,0.9251328012983483,1.9982165016259075,2.5916719948714233
1.5915915915915915,0.9279568624176997,2.01646303140088,2.6150188061081976
1.6016016016016015,0.9307827781751868,2.034957783688364,2.6386298140599345
1.6116116116116117,0.9336103717214724,2.0537047331696834,2.662508692181111
1.6216216216216217,0.9364394651537277,2.072707921644547,2.6866591701308193
1.6316316316316317,0.9392698799073979,2.0919714600812824,2.71108503528891
1.6416416416416417,0.9421014366067719,2.1114995297560757,2.735790133726569
1.6516516516516517,0.9449339542140921,2.1312963822114526,2.7607783704697795
1.6616616616616617,0.9477672502141085,2.151366340957717,2.786053710806581
1.6716716716716717,0.9506011405645718,2.1717138028225405,2.811620181394515
1.6816816816816818,0.9534354402499912,2.1923432405626184,2.837481872187607
1.6916916916916918,0.9562699623442775,2.2132592023558377,2.863642936337665
1.7017017017017018,0.9591045180194283,2.2344663132726037,2.890107591380776
1.7117117117117118,0.9619389165106735,2.255969276656094,2.9168801203646573
1.7217217217217218,0.964772965389919,2.2777728763664316,2.9439648735837483
1.7317317317317318,0.9676064705203123,2.2998819781802102,2.971366269727912
1.7417417417417418,0.9704392354361495,2.3223015296678255,2.9990887959743966
1.7517517517517518,0.9732710614979676,2.345036562124165,3.027137009505287
1.7617617617617618,0.976101747867896,2.368092192064835,3.0555155387311976
1.7717717717717718,0.9789310919300627,2.3914736241767818,3.0842290855765517
1.7817817817817818,0.9817588886470285,2.415186150792172,3.1132824252271467
1.7917917917917918,0.9845849305677677,2.4392351534913286,3.142680407431744
1.8018018018018018,0.9874090078252907,2.4636261046718233,3.1724279577789534
1.8118118118118118,0.9902309083494909,2.488364569985077,3.202530079637502
1.8218218218218218,0.9930504178865734,2.5134562100280173,3.2329918555320036
1.8318318318318318,0.995867319530768,2.5389067801563225,3.2638184470953524
1.8418418418418419,0.9986813938679848,2.5647221326545337,3.295015096807052
1.8518518518518519,1.0014924189760923,2.590908218377801,3.3265871293360143
1.8618618618618619,1.0043001707839783,2.6174710899559237,3.3585399541038794
1.8718718718718719,1.0071044226117591,2.644416901432248,3.3908790650632112
1.8818818818818819,1.0099049451863849,2.6717519099723606,3.4236100420926356
1.8918918918918919,1.0127015066697969,2.6994824776277677,3.456738552435011
1.901901901901902,1.0154938728852427,2.727615074101958,3.490270352949111
1.911911911911912,1.018281807250445,2.7561562780785804,3.524211291202796
1.921921921921922,1.0210650705432953,2.785112777728152,3.5585673059043077
1.931931931931932,1.023843421007103,2.8144913728802825,3.5933444286754974
1.941941941941942,1.0266166144372937,2.844298977107547,3.6285487857614966
1.951951951951952,1.0293844044611613,2.8745426207614644,3.664186600522561
1.961961961961962,1.0321465421179197,2.9052294505576612,3.7002641930910154
1.971971971971972,1.034902775991058,2.936366731884917,3.736787982265909
1.981981981981982,1.03765285224738,2.9679618506565637,3.773764487033354
1.991991991991992,1.0403965149718233,3.000022316673734,3.8112003293626504
2.002002002002002,1.043133505928946,3.032555764063947,3.8491022345380057
2.012012012012012,1.0458635645265735,3.0655699527509537,3.8874770323592163
2.022022022022022,1.0485864279115182,3.099072770598299,3.9263316589100516
2.032032032032032,1.0513018311676023,3.1330722360988976,3.96567315880707
2.042042042042042,1.0540095074662814,3.1675765008162995,4.005508687233701
2.052052052052052,1.0567091877631014,3.2025938494466755,4.045845509916826
2.062062062062062,1.0594006009789396,3.238132702420485,4.0866910052995715
2.0720720720720722,1.062083474094666,3.2742016180339757,4.128052666312721
2.0820820820820822,1.0647575325331795,3.310809295997444,4.169938103399092
2.0920920920920922,1.0674224998169695,3.3479645774104507,4.212355044378415
2.1021021021021022,1.0700780976920905,3.3856764470373473,4.255311336346286
2.1121121121121122,1.072724046226629,3.423954035458258,4.298814947463656
2.1221221221221223,1.0753600642873336,3.4628066232081,4.342873970569885
2.1321321321321323,1.0779858693177666,3.5022436412644664,4.387496623457151
2.1421421421421423,1.0806011771619106,3.5422746717730975,4.432691249362128
2.1521521521521523,1.08320570231349,3.582909450998699,4.478466319492524
2.1621621621621623,1.0857991579814117,3.62415787131456,4.5248304346746995
2.1721721721721723,1.0883812561552058,3.666029983192166,4.5717923270012815
2.1821821821821823,1.090951708421259,3.708536000591929,4.619360864630486
2.1921921921921923,1.0935102263247862,3.7516863042960886,4.667545054678521
2.2022022022022023,1.0960565199114658,3.79549143699546,4.716354038470507
2.2122122122122123,1.0985902985568499,3.8399621087398557,4.765797096395121
2.2222222222222223,1.1011112710675812,3.885109199089761,4.81588364970239
2.2322322322322323,1.103619145773251,3.930943759225625,4.866623262262198
2.2422422422422423,1.1061136309920319,3.9774770158071733,4.91802564402023
2.2522522522522523,1.1085944360914899,4.024720377619375,4.9701006571568165
2.2622622622622623,1.1110612697835984,4.07268542926884,5.022858309685391
2.2722722722722724,1.1135138408641945,4.121383936325187,5.076308760151958
2.2822822822822824,1.115951858411527,4.170827847929861,5.130462319878115
2.2922922922922924,1.118375031903117,4.221029299022475,5.185329454833104
2.3023023023023024,1.120783071446731,4.272000613293084,5.240920788248345
2.3123123123123124,1.123175688848257,4.323754311458271,5.297247108677228
2.3223223223223224,1.1255525964941426,4.376303105634907,5.354319363835453
2.3323323323323324,1.1279135076750841,4.429659902882203,5.412148663818797
2.3423423423423424,1.1302581368871794,4.483837808600415,5.4707462841742664
2.3523523523523524,1.1325861999676274,4.53885012887704,5.5301236678947285
2.3623623623623624,1.134897414261904,4.5947103729798675,5.590292427567052
2.3723723723723724,1.1371914999830792,4.651432261412764,5.651264353334623
2.3823823823823824,1.139468179301109,4.7090297233791585,5.713051409788382
2.3923923923923924,1.1417271761185241,4.767516897448379,5.775665736205599
2.4024024024024024,1.143968216650028,4.826908135973138,5.839119650709499
2.4124124124124124,1.1461910295835376,4.887218007553969,5.903425652387491
2.4224224224224224,1.1483953462412262,4.948461299503671,5.968596423409399
2.4324324324324325,1.1505809014084007,5.010653024535331,6.034644835712809
2.4424424424424425,1.1527474334565524,5.07380842298651,6.101583952861508
2.4524524524524525,1.1548946835674454,5.137942959358115,6.1694270257561525
2.4624624624624625,1.1570223964224247,5.2030723281197435,6.238187498365164
2.4724724724724725,1.159130320383653,5.269212456301855,6.307879009981059
2.4824824824824825,1.1612182076747524,5.33637950608416,6.378515397472721
2.4924924924924925,1.1632858146002676,5.404589879085835,6.450110699426981
2.5025025025025025,1.16533290181682,5.473860222921698,6.522679162805833
2.5125125125125125,1.1673592343903787,5.544207428382431,6.5962352391946615
2.5225225225225225,1.1693645820260516,5.61564863417752,6.670793589446431
2.5325325325325325,1.171348719141805,5.688201229173561,6.7463690855412
2.5425425425425425,1.1733114249074068,5.761882854250551,6.822976812020448
2.5525525525525525,1.1752524836886624,5.836711407065384,6.9006320706629385
2.5625625625625625,1.1771716851172407,5.912705044129657,6.9793503821660465
2.5725725725725725,1.1790688247013166,5.989882185254976,7.059147490366264
2.5825825825825826,1.180943704216037,6.068261517180971,7.140039365599129
2.5925925925925926,1.1827961312710327,6.147861994112272,7.222042204799704
2.6026026026026026,1.1846259198049802,6.228702841748413,7.305172435286542
2.6126126126126126,1.1864328896954135,6.3108035617310065,7.389446719074556
2.6226226226226226,1.1882168670104964,6.39418393455806,7.474881955477775
2.6326326326326326,1.1899776846929773,6.47886402146906,7.5614952825637705
2.6426426426426426,1.191715182466263,6.564864168202297,7.64930408069489
2.6526526526526526,1.193429206668803,6.652205009991998,7.7383259773395645
2.6626626626626626,1.1951196105502917,6.7409074739512045,7.8285788491272115
2.6726726726726726,1.1967862545660655,6.830992781464874,7.920080823913898
2.6826826826826826,1.1984290073105286,6.9224824692828815,8.012850300161835
2.6926926926926926,1.200047741919229,7.015398312028047,8.106905876069206
2.7027027027027026,1.2016423437839148,7.109762479680009,8.202266493666793
2.7127127127127126,1.2032127035870244,7.205597400928592,8.298951313740194
2.7227227227227226,1.2047587202820593,7.302925822403954,8.396979770078735
2.7327327327327327,1.2062803003535847,7.401770812598111,8.496371573380307
2.7427427427427427,1.2077773584144549,7.502155758700019,8.597146708099912
2.7527527527527527,1.2092498172415973,7.6041043692619805,8.699325434916238
2.7627627627627627,1.2106976076100198,7.707640690884355,8.802928306302249
2.7727727727727727,1.2121206683608072,7.812789091142267,8.907976150627581
2.7827827827827827,1.213518946674124,7.919574270513246,9.014490083181984
2.7927927927927927,1.214892398814839,8.028021288629265,9.122491530399843
2.8028028028028027,1.2162409891189119,8.138155530599578,9.232002198798755
2.8128128128128127,1.2175646904160708,8.250002732198086,9.343044098266724
2.8228228228228227,1.218863484222218,8.36358899809502,9.45563955893742
2.8328328328328327,1.2201373604249273,8.478940768363028,9.569811200181631
2.8428428428428427,1.2213863174400836,8.596084854826357,9.685581964262592
2.8528528528528527,1.2226103622178406,8.715048443308717,9.802975118417358
2.8628628628628627,1.2238095101970419,8.835859069430073,9.92201423244431
2.8728728728728727,1.2249837854442707,8.958544663119492,10.042723219839136
2.8828828828828827,1.2261332205943294,9.083133531540847,10.165126322025179
2.8928928928928928,1.2272578567959647,9.209654345235942,10.289248095555015
2.9029029029029028,1.2283577435614872,9.3381361871432,10.415113457363967
2.9129129129129128,1.2294329388461722,9.468608534938166,10.542747668468596
2.9229229229229228,1.230483509131333,9.60110124161992,10.672176316045162
2.932932932932933,1.2315095288928595,9.73564458682057,10.803425360735899
2.942942942942943,1.2325110807802204,9.87226926187971,10.936521122892637
2.952952952952953,1.2334882558852056,10.01100634735078,11.071490261844135
2.962962962962963,1.2344411530036354,10.151887366044726,11.208359824676966
2.972972972972973,1.235369878812979,10.294944270769033,11.347157234967229
2.982982982982983,1.2362745484341864,10.440209408122284,11.48791025953062
2.992992992992993,1.2371552835951434,10.58771562098486,11.630647102386567
3.003003003003003,1.2380122144841617,10.737496147974019,11.775396312611694
3.013013013013013,1.2388454787396719,10.889584678229417,11.922186834548372
3.023023023023023,1.239655220874646,11.044015377875532,12.07104803186327
3.033033033033033,1.2404415924933894,11.200822879799126,12.222009678241212
3.043043043043043,1.2412047529170873,11.360042253230578,12.37510192965018
3.053053053053053,1.2419448685903707,11.521709033553744,12.530355351564399
3.063063063063063,1.2426621128773239,11.685859230875016,12.68780092679242
3.073073073073073,1.2433566640045626,11.852529364410788,12.847470086439014
3.083083083083083,1.244028706266588,12.021756451418911,13.009394700137559
3.093093093093093,1.2446784303836156,12.193578007939388,13.173607076863755
3.103103103103103,1.245306032732361,12.368032065239149,13.340139979820497
3.113113113113113,1.2459117152127028,12.545157174518902,13.50902663063066
3.123123123123123,1.246495686190077,12.72499236259939,13.680300667540502
3.133133133133133,1.2470581591328014,12.907577192648558,13.85399620216869
3.143143143143143,1.2475993524322593,13.09295177100648,14.030147825686168
3.153153153153153,1.2481194894396312,13.28115674414221,14.20879060573815
3.163163163163163,1.2486187985749824,13.472233306565624,14.389960093381577
3.173173173173173,1.2490975149357113,13.666223214262976,14.573692333846411
3.183183183183183,1.2495558779482263,13.863168783555519,14.760023867205874
3.193193193193193,1.249994131675687,14.063112899743192,14.948991735820503
3.203203203203203,1.250412524922312,14.266099024998852,15.140633491263408
3.2132132132132134,1.2508113109138888,14.47217120781089,15.334987202702857
3.2232232232232234,1.2511907448848432,14.681374108560359,15.532091479265507
3.2332332332332334,1.2515510731455923,14.893752996115957,15.731985470176282
3.2432432432432434,1.2518925467398774,15.109353745483071,15.934708859954643
3.2532532532532534,1.2522154359993452,15.328222847492926,16.140301873479675
3.2632632632632634,1.2525200039589113,15.550407429368692,16.348805299909152
3.2732732732732734,1.2528065152903507,15.775955259446526,16.560260494892592
3.2832832832832834,1.2530752403162304,16.004914752886023,16.774709384825105
3.2932932932932935,1.2533264509849924,16.237334984237247,16.992194478726933
3.3033033033033035,1.253560421629323,16.47326569496932,17.21275887471825
3.3133133133133135,1.2537774248369205,16.712757306868937,17.436446272628952
3.3233233233233235,1.2539777359302813,16.955860928062872,17.663300978391252
3.3333333333333335,1.2541616322622169,17.202628361831614,17.893367911926354
3.3433433433433435,1.2543293922795524,17.45311212137958,18.126692620300766
3.3533533533533535,1.25448129495083,17.707365435320664,18.36332128264495
3.3633633633633635,1.2546176191072014,17.965442260703263,18.603300721710603
3.3733733733733735,1.254738644271831,18.227397294270435,18.84667841356906
3.3833833833833835,1.2548446503324224,18.493285979463803,19.093502493810846
3.3933933933933935,1.2549359173510544,18.76316452018994,19.34382176963886
3.4034034034034035,1.2550127250291152,19.03708989210888,19.59768572984799
3.4134134134134135,1.2550753527319762,19.315119850346676,19.855144551566408
3.4234234234234235,1.2551240793790537,19.597312944562983,20.116249113453787
3.4334334334334335,1.255159183305582,19.88372852998643,20.381051005369738
3.4434434434434436,1.2551809420726772,20.174426780828043,20.64960254012609
3.4534534534534536,1.255189632267895,20.46946870500033,20.921956766381683
3.4634634634634636,1.2551855297598975,20.76891612751261,21.198167454096758
3.4734734734734736,1.255168909358246,21.07283171664315,21.47828911746159
3.4834834834834836,1.2551400438781983,21.381279027753777,21.762377053263652
3.4934934934934936,1.2550992044573976,21.694322499184608,22.0504873373034
3.5035035035035036,1.2550466604620345,22.012027463844728,22.342676834551007
3.5135135135135136,1.2549826793859766,22.3344601582099,22.639003206953326
3.5235235235235236,1.2549075272914898,22.661687706045228,22.939524898986544
3.5335335335335336,1.2548214677997518,22.99377817396856,23.244301186558644
3.5435435435435436,1.2547247622127182,23.33080057188542,23.553392177294487
3.5535535535535536,1.254617671013193,23.67282486495096,23.866858820588735
3.5635635635635636,1.2545004533890434,24.019921986598337,24.18476291908055
3.5735735735735736,1.254373366297909,24.372163851523197,24.507167140203077
3.5835835835835836,1.2542366647449197,24.729623370521228,24.834135029023546
3.5935935935935936,1.2540906004400691,25.09237447352935,25.165731028505892
3.6036036036036037,1.2539354230704267,25.460492113368176,25.502020482604838
3.6136136136136137,1.2537713799657408,25.834052281342018,25.843069649908664
3.6236236236236237,1.2535987112990368,26.213132046278336,26.188945738467705
3.6336336336336337,1.2534176509824828,26.597809495698296,26.539716854377176
3.6436436436436437,1.2532284252155421,26.988163889817102,26.895452136222843
3.6536536536536537,1.253031257923699,27.38427553616987,27.256221644881354
3.6636636636636637,1.2528264139480954,27.786225839349147,27.622096399032362
3.6736736736736737,1.2526141255328425,28.19409736519497,27.993148444290966
3.6836836836836837,1.2523945926136726,28.607973852288765,28.36945086317307
3.6936936936936937,1.2521680465649396,29.027940167761567,28.751077725080844
3.7037037037037037,1.2519347102447316,29.454082420392467,29.138104192476344
3.7137137137137137,1.2516947936475824,29.886487896764006,29.530606465324624
3.7237237237237237,1.2514485096020302,30.325245082361178,29.92866179684893
3.7337337337337337,1.2511960706433536,30.770443666170564,30.33234849796037
3.7437437437437437,1.2509376824190612,31.222174625958797,30.741746013191143
3.7537537537537538,1.250673546638411,31.680530239872418,31.156934930220867
3.7637637637637638,1.2504038632697068,32.14560405176689,31.57799694890963
3.7737737737737738,1.2501288291880182,32.61749092430473,32.00501492802575
3.7837837837837838,1.2498486378407465,33.09628701608146,32.43807286508373
3.793793793793794,1.2495634791075265,33.58208982438016,32.87725593379215
3.803803803803804,1.2492735396899217,34.07499823021192,33.322650523385704
3.813813813813814,1.2489790034736388,34.575112456129986,33.77434420131866
3.823823823823824,1.2486800508656433,35.0825342449748,34.232425870466976
3.833833833833834,1.2483768585652029,35.597366672117545,34.69698560377181
3.843843843843844,1.2480695992250497,36.11971436078587,35.16811483346785
3.853853853853854,1.2477584426558652,36.64968344424292,35.64590631753317
3.863863863863864,1.247443556781815,37.18738132555047,36.130453928244044
3.873873873873874,1.2471251062474165,37.73291700160888,36.621852937186226
3.883883883883884,1.2468032537066096,38.286401041563316,37.120199995423604
3.893893893893894,1.246478159821056,38.84794502494699,37.62559264101703
3.903903903903904,1.246149975237527,39.417664116827815,38.13813155867716
3.913913913913914,1.245818853877965,39.99567213458418,38.65791625037727
3.923923923923924,1.2454849370615197,40.58208647736581,39.18504936172981
3.933933933933934,1.2451483707678126,41.177025674298534,39.71963452838925
3.943943943943944,1.2448093026842229,41.780609891293494,40.2617768210944
3.953953953953954,1.2444678725500002,42.392961007464834,40.811582814050055
3.963963963963964,1.244124214188838,43.01420252792505,41.369160508009855
3.973973973973974,1.2437784594061432,43.64445984224743,41.93461955619
3.983983983983984,1.2434307370106619,44.2838600724096,42.50807113099623
3.993993993993994,1.2430811756263564,44.93253214720346,43.08962798864807
4.004004004004004,1.2427299024397485,45.59060682593376,43.67940449009598
4.014014014014014,1.2423770443802058,46.25821657497812,44.27751649250675
4.024024024024024,1.2420227203012217,46.935495808852956,44.8840815616662
4.034034034034034,1.2416670438588124,47.622580591965864,45.499218710137754
4.044044044044044,1.241310118263358,48.319609843978405,46.12304945411601
4.054054054054054,1.2409520492880657,49.02672305426568,46.75569580861048
4.064064064064064,1.2405929558095599,49.74406258109998,47.3972823003825
4.074074074074074,1.2402329468228763,50.471772557227396,48.04793501244084
4.084084084084084,1.239872121323205,51.20999914276665,48.7077818055508
4.094094094094094,1.2395105799365926,51.95889056263982,49.376952349144716
4.104104104104104,1.239148419822885,52.71859714826343,50.05557815853667
4.114114114114114,1.2387857357186116,53.489271366379796,50.74379261991325
4.124124124124124,1.2384226205662747,54.27106779276767,51.441730967127015
4.134134134134134,1.2380591657485915,55.06414303464828,52.1495302137357
4.1441441441441444,1.2376954595938385,55.86865602682668,52.86732941227516
4.1541541541541545,1.2373315880562221,56.68476815544893,53.59526976278851
4.1641641641641645,1.236967633722708,57.51264300636136,54.3334943922764
4.1741741741741745,1.236603675303765,58.35244625265307,55.0821482561179
4.1841841841841845,1.236239788695372,59.20434597609782,55.84137841969868
4.1941941941941945,1.2358760461945009,60.06851272252798,56.611334106510576
4.2042042042042045,1.2355125173591983,60.94511934650111,57.39216656235983
4.2142142142142145,1.2351492874799106,61.834341172731015,58.184029193588394
4.2242242242242245,1.2347864325809392,62.736356022034386,58.98707759352018
4.2342342342342345,1.2344240159106492,63.65134421537032,59.80146954652485
4.2442442442442445,1.2340621024357716,64.5794886207758,60.627365066842806
4.2542542542542545,1.2337007550671444,65.52097466546677,61.464926409680615
4.2642642642642645,1.2333400359328506,66.4759903951612,62.31431812289985
4.2742742742742745,1.232980005074213,67.44472651263122,63.175707080900146
4.2842842842842845,1.2326207208229694,68.42737649819239,64.04926258997429
4.2942942942942945,1.2322622395947282,69.42413656434361,64.93515634855119
4.3043043043043046,1.2319046159871212,70.43520529836772,65.83356213435283
4.314314314314315,1.2315479021115385,71.46078428280013,66.74465634753068
4.324324324324325,1.2311921472291802,72.50107813898205,67.66861804864106
4.334334334334335,1.2308373983307899,73.55629452190968,68.60562895440015
4.344344344344345,1.2304837155160033,74.6266434792583,69.5558728733559
4.354354354354355,1.230131143581684,75.71233862399441,70.51953673810353
4.364364364364365,1.2297797301631106,76.8135963803071,71.49680994149838
4.374374374374375,1.229429509456312,77.9306361893578,72.48788451768677
4.384384384384385,1.229080525215054,79.06368043311502,73.49295507521903
4.394394394394395,1.2287328155308217,80.21295450821786,74.51221886181348
4.404404404404405,1.2283864194275729,81.3786875613479,75.54587640621617
4.414414414414415,1.2280413718807004,82.56111126229716,76.59413044717809
4.424424424424425,1.2276977102586801,83.7604610012343,77.65718697876655
4.434434434434435,1.2273554717491693,84.97697547210936,78.73525488660442
4.444444444444445,1.2270146900301608,86.2108964389277,79.82854574400183
4.454454454454455,1.2266753963308774,87.46246962200233,80.93727458683435
4.464464464464465,1.2263376227715024,88.73194357355852,82.06165892970262
4.474474474474475,1.2260013976286617,90.01957095363595,83.20191988241729
4.484484484484485,1.2256667486519637,91.3256075548689,84.35828129671876
4.494494494494495,1.2253337029406128,92.65031290635196,85.53097029434103
4.504504504504505,1.2250022871501975,93.99395040612278,86.72021738282967
4.514514514514515,1.2246725254706248,95.35678669667196,87.92625590975537
4.524524524524525,1.2243444412687545,96.73909285272937,89.1493231010852
4.534534534534535,1.2240180567204915,98.14114306246803,90.38965890809177
4.544544544544545,1.2236933939864323,99.56321589424361,91.6475071148963
4.554554554554555,1.2233704741628724,101.0055936689965,92.9231147897756
4.564564564564565,1.2230493166043113,102.4685625237823,94.21673234081678
4.574574574574575,1.2227299388758355,103.95241311848513,95.528614133979
4.584584584584585,1.2224123583213937,105.45743951694399,96.85901751436613
4.594594594594595,1.222096593381732,106.98394074281659,98.20820416683956
4.604604604604605,1.221782660002666,108.53221931161029,99.57643883252729
4.614614614614615,1.2214705721502628,110.10258237044154,100.96399030562667
4.624624624624625,1.2211603417320025,111.6953415056217,102.3711312651234
4.634634634634635,1.2208519817916605,113.31081223728802,103.79813783241009
4.644644644644645,1.2205455099134312,114.9493152601305,105.24529065610257
4.654654654654655,1.2202409384008677,116.61117497186416,106.712873626079
4.664664664664665,1.219938271322896,118.29672105298873,108.20117525559766
4.674674674674675,1.2196375138772388,120.00628744247349,109.71048778426736
4.684684684684685,1.219338679417683,121.74021276436712,111.2411075504155
4.694694694694695,1.2190417955903774,123.49884084037097,112.79333543875029
4.704704704704705,1.2187468748609733,125.28251960629927,114.36747593590111
4.714714714714715,1.2184538857605647,127.09160265052626,115.96383847931497
4.724724724724725,1.2181628179959196,128.92644812816584,117.58273650020853
4.734734734734735,1.2178737282326064,130.78741942547114,119.22448799970215
4.744744744744745,1.2175866175273788,132.67488506140992,120.88941547639996
4.754754754754755,1.2173014882751378,134.589218734412,122.57784596092617
4.764764764764765,1.2170183305454898,136.53079941394424,124.29011109752285
4.774774774774775,1.2167371508434508,138.50001139974668,126.0265471924076
4.784784784784785,1.2164579515591538,140.49724442113907,127.78749530323473
4.794794794794795,1.2161807363638557,142.52289376572386,129.57330135105602
4.804804804804805,1.2159055094229265,144.57736025228868,131.3843160967068
4.814814814814815,1.215632275085678,146.6610502464353,133.2208951544664
4.824824824824825,1.2153610296820514,148.77437613098186,135.0833994047003
4.834834834834835,1.2150917758312216,150.91775561477854,136.9721943873002
4.844844844844845,1.2148245116764318,153.09161297637039,138.88765139104774
4.854854854854855,1.2145592356403727,155.29637767955043,140.83014624190562
4.864864864864865,1.214295948986548,157.53248614737856,142.80006085462182
4.874874874874875,1.2140346499364518,159.80038009104226,144.7977817715207
4.884884884884885,1.2137753361347978,162.1005081622921,146.8237016078251
4.894894894894895,1.2135180051014371,164.43332490166702,148.87821813143694
4.904904904904905,1.2132626549627012,166.79929145112405,150.96173488634238
4.914914914914915,1.2130092838874011,169.19887552126877,153.07466116400101
4.924924924924925,1.2127578883025392,171.63255115020303,155.21741179256824
4.934934934934935,1.2125084628358551,174.10079953207338,157.39040786182053
4.944944944944945,1.2122610036367838,176.6041080219794,159.5940758521313
4.954954954954955,1.2120155092524318,179.14297162092714,161.82884893358553
4.964964964964965,1.2117719754523142,181.71789143270547,164.09516561648172
4.974974974974975,1.2115303925619636,184.32937661935625,166.39347146251225
4.984984984984985,1.2112907540524116,186.9779425386981,168.72421745425208
4.994994994994995,1.2110530614148725,189.66411266427747,171.08786167441238
5.005005005005005,1.2108173131473834,192.38841725004883,173.48486813880115
5.015015015015015,1.2105834979649213,195.15139436419267,175.91570770167456
5.025025025025025,1.2103516011996647,197.95358965507978,178.3808578502088
5.035035035035035,1.2101216167649274,200.7955562145859,180.88080258342364
5.045045045045045,1.2098935425793649,203.67785542141786,183.41603315055053
5.055055055055055,1.2096673708549002,206.60105589706077,185.98704713888168
5.065065065065065,1.2094431005250692,209.56573514047443,188.5943499025543
5.075075075075075,1.2092207278027225,212.57247780328996,191.238453054398
5.085085085085085,1.209000236291011,215.62187791845264,193.919876417304
5.095095095095095,1.208781618197783,218.71453674439917,196.6391461352467
5.105105105105105,1.20856486663719,221.85106507390253,199.39679669432587
5.115115115115115,1.2083499717894894,225.0320814990114,202.19336940524607
5.125125125125125,1.2081369263333777,228.2582138334625,205.02941364714673
5.135135135135135,1.2079257238162622,231.5300986245653,207.90548644072197
5.145145145145145,1.2077163559906037,234.84838120725624,210.82215249588717
5.155155155155155,1.207508814281793,238.21371651072832,213.77998491737884
5.165165165165165,1.2073030893336032,241.6267679747429,216.77956425652985
5.175175175175175,1.2070991641905213,245.08820935834817,219.82148009466863
5.185185185185185,1.206897027437538,248.5987227991727,222.90632934357245
5.195195195195195,1.2066966862893658,252.15900131378834,226.03471843165224
5.205205205205205,1.206498135370101,255.76974637350358,229.20726118648352
5.215215215215215,1.206301351197501,259.431670661761,232.42458124828062
5.225225225225225,1.206106321389011,263.1454958121499,235.68731008707005
5.235235235235235,1.2059130390718273,266.91195435943825,238.99608871042733
5.245245245245245,1.2057214966345138,270.73178890120124,242.3515669307404
5.255255255255255,1.2055316825580527,274.60575240133727,245.75440363119398
5.265265265265265,1.2053435864224926,278.5346089191591,249.20526740305516
5.275275275275275,1.2051571989064382,282.51913249723754,252.70483557259237
5.285285285285285,1.2049725118227617,286.5601092404663,256.2537960202699
5.295295295295295,1.2047895159107778,290.658334921448,259.85284508565456
5.305305305305305,1.2046081982105734,294.81461796318393,263.50269017765254
5.315315315315315,1.204428547555498,299.0297770205608,267.2040476576162
5.325325325325325,1.2042505542405209,303.3046427774565,270.95764441182683
5.335335335335335,1.2040742094077723,307.6400578267958,274.7642177466355
5.345345345345345,1.203899502091236,312.0368766864924,278.62451540278704
5.355355355355355,1.2037264164215855,316.4959655099237,282.53929530232773
5.365365365365365,1.2035549396341505,321.0182034260102,286.50932672031774
5.375375375375375,1.2033850692998544,325.6044814255408,290.5353893095186
5.385385385385385,1.2032168065759274,330.2557031028394,294.6182737501195
5.395395395395395,1.203050141116435,334.97278498471303,298.7587820394004
5.405405405405405,1.2028849999014,339.75665631490364,302.95772730909124
5.415415415415415,1.2027214519973737,344.6082594096757,307.21593411172614
5.425425425425425,1.2025594473014898,349.5285505206377,311.5342392081747
5.435435435435435,1.202398980390124,354.51849878943,315.91349063192837
5.445445445445445,1.20224004475405,359.5790875335471,320.3545488202923
5.455455455455455,1.2020826274325769,364.71131350720054,324.85828596829526
5.465465465465465,1.201926716845462,369.91618707120057,329.4255861763146
5.475475475475475,1.201772302327472,375.19473309738373,334.0573462415027
5.485485485485485,1.2016193730768296,380.5479909304068,338.7544756244987
5.495495495495495,1.2014679182159895,385.97701271996954,343.5178949901474
5.505505505505505,1.201317926939164,391.48286818774454,348.348540378467
5.515515515515515,1.2011693881894088,397.06664234001744,353.24736120329305
5.525525525525525,1.201022291012581,402.7294365657355,358.2153212130096
5.535535535535535,1.2008766245266644,408.47236569433863,363.2533959162117
5.545545545545545,1.2007323779083117,414.2965602710278,368.3625745725309
5.555555555555555,1.2005895402749662,420.2031679538964,373.54386141513123
5.565565565565565,1.2004481008769419,426.19334980458115,378.7982724050388
5.575575575575575,1.200308048820222,432.2682863311711,384.12684051867484
5.585585585585585,1.2001693732886698,438.429172562963,389.5306114382742
5.595595595595595,1.2000320635095172,444.6772211177855,395.0106462357855
5.605605605605605,1.1998961087253095,451.01366271943573,400.56802182562785
5.615615615615615,1.1997614981843745,457.4397436490452,406.2038287346476
5.625625625625625,1.1996282211844858,463.95673015297933,411.91917495902567
5.635635635635635,1.1994962670252722,470.5659036216466,417.71518174573
5.645645645645645,1.199365625065498,477.2685667644442,423.59298899561134
5.655655655655655,1.1992362846672855,484.06603735388165,429.55374978948856
5.665665665665665,1.1991082352449058,490.9596542008103,435.5986356164955
5.675675675675675,1.1989814662406266,497.9507740029215,441.7288336165069
5.685685685685685,1.1988559671264154,505.0407715304082,447.9455467425923
5.6956956956956954,1.1987317273865927,512.2310425099137,454.24999628448137
5.7057057057057055,1.1986087365503346,519.52300193992,460.6434203945235
5.7157157157157155,1.1984869841849544,526.9180849312789,467.1270748231544
5.7257257257257255,1.198366460040357,534.4177462134547,473.70223248683544
5.7357357357357355,1.198247153853271,542.0234620851235,480.3701851748643
5.7457457457457455,1.1981290554460595,549.736730011923,487.1322431973906
5.7557557557557555,1.1980121538695583,557.5590667872044,493.9897337761647
5.7657657657657655,1.197896438705618,565.4920121997545,500.9440042536591
5.7757757757757755,1.1977818993399627,573.5371274199387,507.99642068102094
5.7857857857857855,1.1976685293144465,581.6959950982173,515.1483679037749
5.7957957957957955,1.19755631947049,589.9702204654875,522.4012505254128
5.8058058058058055,1.1974452613120687,598.3614311515456,529.7564927481613
5.8158158158158155,1.1973353255262837,606.871278476974,537.2155395058409
5.8258258258258255,1.1972264968005646,615.5014361821536,544.7798553477709
5.8358358358358355,1.1971187631923017,624.2536017543804,552.4509256010903
5.8458458458458455,1.1970122482017096,633.1294969839955,560.2302568418908
5.8558558558558556,1.196906767043128,642.130868547871,568.1193774593543
5.865865865865866,1.1968023720940182,651.2594875300792,576.119837169008
5.875875875875876,1.1966990555520332,660.5171514065848,584.2332087868238
5.885885885885886,1.1965968073368607,669.9056803054838,592.4610849494877
5.895895895895896,1.1964956178801955,679.4269200418775,600.8050807695383
5.905905905905906,1.1963954777471362,689.0827430768888,609.2668346745505
5.915915915915916,1.196296377511058,698.8750459848275,617.8480061909446
5.925925925925926,1.196198307799493,708.8057521268069,626.5502782833807
5.935935935935936,1.196101259313282,718.876818206043,635.3753630905888
5.945945945945946,1.1960052226832023,729.0902274832641,644.3249959889349
5.955955955955956,1.1959101886632275,739.447988927419,653.4009348492768
5.965965965965966,1.1958161480838525,749.9521402396412,662.6049626829168
5.975975975975976,1.1957230918435486,760.6047469497663,671.9388868510716
5.985985985985986,1.1956310108877846,771.4079045373162,681.4045409207221
5.995995995995996,1.1955398962484092,782.3637346844566,691.0037813859632
6.006006006006006,1.1954497389699112,793.474394899553,700.7384960885986
6.016016016016016,1.1953605301973618,804.7420663951167,710.6105936113601
6.026026026026026,1.1952722610915976,816.1689679077349,720.6220153703456
6.036036036036036,1.1951849228891025,827.7573444576506,730.7747257796419
6.046046046046046,1.1950985068842401,839.5094755488312,741.070719426402
6.056056056056056,1.1950130044281377,851.4276725558706,751.5120187843751
6.066066066066066,1.1949284069315993,863.5142780819892,762.1006736521585
6.076076076076076,1.194844705878819,875.7716705487711,772.8387651692315
6.086086086086086,1.1947618927986694,888.2022580821204,783.7284004661452
6.096096096096096,1.1946799592668222,900.8084879564706,794.771720928241
6.106106106106106,1.1945988969316386,913.5928362511988,805.9708931449749
6.116116116116116,1.1945186974995168,926.5578153019479,817.3281154298498
6.126126126126126,1.1944393527844415,939.7059759670096,828.8456198034963
6.136136136136136,1.1943608546286983,953.0399024008107,840.5256674204782
6.146146146146146,1.1942831949339439,966.562216607912,852.3705525540436
6.156156156156156,1.1942063653986017,980.2755760804948,864.3826005289418
6.166166166166166,1.1941303579772724,994.1826784530438,876.564171794248
6.176176176176176,1.1940551646743114,1008.286259146541,888.9176598620393
6.186186186186186,1.193980778867734,1022.5890889220508,901.4454891666157
6.196196196196196,1.1939071930616474,1037.0939812079996,914.150121476165
6.206206206206206,1.1938343998992695,1051.8037880087961,927.0340523126658
6.216216216216216,1.1937623844837162,1066.7214005953385,940.0998115569663
6.226226226226226,1.193691137341476,1081.8497515927913,953.3499652741086
6.236236236236236,1.193620646838891,1097.1918144710176,966.7871152683207
6.246246246246246,1.1935509280993464,1112.7506056045725,980.4139008820953
6.256256256256256,1.1934819859822887,1128.5291829571893,994.2329978494982
6.266266266266266,1.1934138011143864,1144.5306480276342,1008.247120000681
6.276276276276276,1.1933463278646204,1160.75814675928,1022.4590200577412
6.286286286286286,1.19327958779956,1177.214869053738,1036.8714891977108
6.296296296296296,1.1932135697009214,1193.9040498101697,1051.4873579744958
6.306306306306306,1.1931482693609,1210.828969558831,1066.3094968681576
6.316316316316316,1.193083678417523,1227.9929551414998,1081.3408168816986
6.326326326326326,1.1930197898640542,1245.399380589391,1096.5842703085593
6.336336336336336,1.1929565967574192,1263.0516672047836,1112.042850804202
6.346346346346346,1.1928940922804063,1280.9532846533875,1127.7195943419222
6.356356356356356,1.1928322694196407,1299.1077518041845,1143.6175799477517
6.366366366366366,1.1927711213822922,1317.5186365889972,1159.7399295775303
6.376376376376376,1.1927106414645743,1336.1895577294345,1176.0898096280018
6.386386386386386,1.1926508228077457,1355.1241852533597,1192.6704313887542
6.396396396396396,1.192591658817854,1374.3262413698892,1209.485051807795
6.406406406406406,1.1925331429427646,1393.7995000446056,1226.5369731198873
6.416416416416417,1.192475268611023,1413.5477867965797,1243.8295426689533
6.426426426426427,1.1924180293684727,1433.5749841964328,1261.3661577188707
6.436436436436437,1.1923614187117089,1453.8850273708417,1279.1502615199272
6.446446446446447,1.192305430249821,1474.4819078711134,1297.1853466938098
6.456456456456457,1.192250057816081,1495.3696735269318,1315.4749551056198
6.466466466466467,1.1921952950332666,1516.5524308107042,1334.022679932733
6.476476476476477,1.192141135664567,1538.034342208283,1352.8321633641312
6.486486486486487,1.1920875734791694,1559.8196298574887,1371.9070997841345
6.496496496496497,1.192034602288274,1581.9125760863437,1391.2512362433527
6.506506506506507,1.191982216344241,1604.317522127523,1410.8683713337782
6.516516516516517,1.1919304097114394,1627.0388711986589,1430.7623578841333
6.526526526526527,1.1918791763256533,1650.081088456719,1450.9371029199424
6.536536536536537,1.1918285097227554,1673.448702296506,1471.3965687997525
6.546546546546547,1.1917784037871482,1697.1463041066668,1492.1447730015545
6.556556556556557,1.1917288539642559,1721.1785519904756,1513.1857913783354
6.566566566566567,1.191679854476492,1745.5501681265162,1534.5237558489891
6.576576576576577,1.1916313997432026,1770.2659412023847,1556.1628565276505
6.586586586586587,1.1915834840927917,1795.3307280255171,1578.107343133202
6.596596596596597,1.191536100983867,1820.7494552857256,1600.3615265315875
6.606606606606607,1.191489244981091,1846.5271170404037,1622.929776535134
6.616616616616617,1.1914429101430866,1872.6687783544342,1645.816525087661
6.626626626626627,1.1913970920742,1899.179577098344,1669.026267837618
6.636636636636637,1.1913517856241658,1926.0647226683348,1692.5635630183963
6.646646646646647,1.1913069855799663,1953.3294975823537,1716.4330328448063
6.656656656656657,1.1912626866444218,1980.9792592809304,1740.639365088808
6.666666666666667,1.1912188815827986,2009.0194420347407,1765.1873147488416
6.676676676676677,1.1911755653610123,2037.4555549084862,1790.0817022677566
6.686686686686687,1.1911327319470804,2066.293185050614,1815.3274164116779
6.696696696696697,1.1910903785699505,2095.5379997518876,1840.9294160707798
6.706706706706707,1.1910485016780763,2125.195745543803,1866.89272947085
6.716716716716717,1.1910070969423454,2155.272249208314,1893.2224550568064
6.726726726726727,1.1909661604360597,2185.7734201512894,1919.9237635693457
6.736736736736737,1.1909256826695713,2216.7052531797844,1947.0019004757937
6.746746746746747,1.1908856603013511,2248.0738249309893,1974.4621828439795
6.756756756756757,1.1908460874586357,2279.885298379515,2002.3100032871932
6.766766766766767,1.1908069591573776,2312.145924777067,2030.550831660896
6.776776776776777,1.1907682700502735,2344.862043270798,2059.190214729006
6.786786786786787,1.1907300136810064,2378.0400811565573,2088.233776385627
6.796796796796797,1.1906921844286364,2411.6865568445774,2117.6872202497148
6.806806806806807,1.1906547852262372,2445.8080830597373,2147.556332464495
6.816816816816817,1.1906178111358208,2480.4113628555738,2177.8469782115176
6.826826826826827,1.1905812612562368,2515.503194511318,2208.5651059942616
6.836836836836837,1.19054512738043,2551.090473355011,2239.716749234729
6.846846846846847,1.1905093987383264,2587.1801921717447,2271.3080266300653
6.856856856856857,1.1904740719266702,2623.7794407012484,2303.345141711722
6.866866866866867,1.1904391391882114,2660.8954090854777,2335.8343858635485
6.876876876876877,1.1904046063380573,2698.5353917662846,2368.78214172996
6.886886886886887,1.1903704651509746,2736.706782662761,2402.1948789996763
6.896896896896897,1.1903367126127828,2775.417080766326,2436.079159298939
6.906906906906907,1.1903033438810071,2814.6738918861297,2470.4416377196394
6.916916916916917,1.1902703526147733,2854.484929856119,2505.289063875459
6.926926926926927,1.1902377359618541,2894.8580150738208,2540.6282806226864
6.936936936936937,1.1902054896565017,2935.8010787050753,2576.4662277399657
6.946946946946947,1.1901736128365898,2977.3221669697487,2612.809945677817
6.956956956956957,1.1901421019145524,3019.429436091712,2649.66657114042
6.966966966966967,1.1901109545828037,3062.13115795774,2687.0433420367954
6.976976976976977,1.1900801650393817,3105.4357220792463,2724.947599197822
6.986986986986987,1.1900497219463961,3149.3516376416123,2763.3867881696256
6.996996996996997,1.1900196207894878,3193.8875310632784,2802.3684570764426
7.007007007007007,1.1899898527348214,3239.052151037733,2841.9002610335747
7.017017017017017,1.1899604258690226,3284.8543717135976,2881.989964927439
7.027027027027027,1.189931341374417,3331.30319096488,2922.645441904905
7.037037037037037,1.189902603578924,3378.4077335723214,2963.8746761557736
7.047047047047047,1.189874193591793,3426.1772540634524,3005.685765401105
7.057057057057057,1.1898461033308203,3474.6211369412094,3048.0869210890273
7.067067067067067,1.1898183327476488,3523.74889940107,3091.086470772542
7.077077077077077,1.1897908805592792,3573.5701928440585,3134.6928594345795
7.087087087087087,1.1897637419327314,3624.0948048484097,3178.914651213503
7.097097097097097,1.1897369153533321,3675.3326612017736,3223.7605311804214
7.107107107107107,1.1897104009950141,3727.2938274009603,3269.2393066516674
7.117117117117117,1.1896841901301034,3779.9885115731036,3315.359909746169
7.127127127127127,1.189658279441419,3833.4270651891457,3362.1313980079276
7.137137137137137,1.189632667940461,3887.619986514122,3409.562957425417
7.147147147147147,1.1896073517463568,3942.577921453292,3457.6639031726054
7.157157157157157,1.1895823263312877,3998.3116664092095,3506.443682108575
7.167167167167167,1.189557586307969,4054.8321702077765,3555.911874462851
7.177177177177177,1.1895331288677833,4112.150536077515,3606.078195566895
7.187187187187187,1.1895089562259757,4170.278024393283,3656.952498254571
7.197197197197197,1.1894850654832367,4229.226053540853,3708.5447736197793
7.207207207207207,1.189461454119032,4289.006203438403,3760.865154097195
7.217217217217217,1.1894381131175338,4349.630218418673,3813.923915984994
7.227227227227227,1.1894150400144279,4411.110006704511,3867.731478984298
7.237237237237237,1.1893922308661184,4473.457645253688,3922.298410439413
7.247247247247247,1.1893696873856454,4536.685383048573,3977.635428215386
7.257257257257257,1.18934740531619,4600.805639434985,4033.753399245977
7.267267267267267,1.189325382260988,4665.831009865502,4090.663344558061
7.277277277277277,1.189303613063949,4731.774269382431,4148.376442319797
7.287287287287287,1.1892820956586132,4798.648370671255,4206.904026136681
7.297297297297297,1.189260827340753,4866.466450018737,4266.257590265353
7.307307307307307,1.1892398078129685,4935.241830961915,4326.4487928061335
7.317317317317317,1.18921903492053,5004.988022463375,4387.489454106828
7.327327327327327,1.1891985062671104,5075.718724829153,4449.391561940737
7.337337337337337,1.189178210729155,5147.447833718646,4512.167275016251
7.347347347347347,1.1891581438806724,5220.189438153889,4575.8289212332775
7.357357357357357,1.1891382996851922,5293.957826499555,4640.389002916642
7.367367367367367,1.1891186969079746,5368.767490451315,4705.860200302845
7.377377377377377,1.1890993440780446,5444.633124471734,4772.255371050543
7.387387387387387,1.1890802117108026,5521.569630971923,4839.587554778107
7.397397397397397,1.189061293483115,5599.592123392191,4907.869975751262
7.407407407407407,1.189042594469619,5678.7159324886925,4977.116048385744
7.4174174174174174,1.189024113643681,5758.956611599031,5047.339381856791
7.4274274274274275,1.189005848489515,5840.329913518297,5118.553759865077
7.4374374374374375,1.188987796543244,5922.851816167788,5190.773163096644
7.4474474474474475,1.1889699554020974,6006.538503030844,5264.011752104267
7.4574574574574575,1.188952322561587,6091.406424111658,5338.2839206464205
7.4674674674674675,1.1889348963573796,6177.472265970167,5413.604269467702
7.4774774774774775,1.1889176714363703,6264.752941251356,5489.98759713753
7.4874874874874875,1.18890065769797,6353.2655929034245,5567.448903738708
7.4974974974974975,1.1888838351080295,6443.02760680928,5646.003401925565
7.5075075075075075,1.1888672009893662,6534.056606976657,5725.666512709448
7.5175175175175175,1.1888507735172835,6626.370474088628,5806.453881689972
7.5275275275275275,1.1888345363834782,6719.987342010743,5888.38137600569
7.5375375375375375,1.1888184881283341,6814.925598704685,5971.465085127369
7.5475475475475475,1.1888026298169656,6911.203893461154,6055.721327188306
7.5575575575575575,1.1887869546975753,7008.841138905488,6141.1666507405
7.5675675675675675,1.1887714637234217,7107.856517690004,6227.81784060859
7.5775775775775776,1.188756156825812,7208.269474968825,6315.691911306364
7.587587587587588,1.1887410302165613,7310.099737276462,6404.806123555868
7.597597597597598,1.1887260801329613,7413.367303976948,6495.177976804936
7.607607607607608,1.1887113053850125,7518.092458175625,6586.825218774683
7.617617617617618,1.1886967051952786,7624.2957721677785,6679.765850227333
7.627627627627628,1.188682276898339,7731.998101942044,6774.018120156976
7.637637637637638,1.188668017342281,7841.220608482488,6869.600544428715
7.647647647647648,1.1886539252716213,7951.984738133031,6966.531888597261
7.657657657657658,1.1886400009662252,8064.31225599865,7064.831197133032
7.667667667667668,1.1886262418351206,8178.225216002139,7164.517767222328
7.677677677677678,1.1886126417190406,8293.746003970911,7265.611186468368
7.687687687687688,1.1885991996630763,8410.897298621638,7368.131298751824
7.697697697697698,1.1885859228232716,8529.702124012741,7472.098250126427
7.707707707707708,1.1885728096567212,8650.183801486797,7577.532446770518
7.717717717717718,1.188559843724864,8772.366011354532,7684.454608961296
7.727727727727728,1.188547020924719,8896.272736182418,7792.885721448237
7.737737737737738,1.1885343513735522,9021.928330821198,7902.847094727684
7.747747747747748,1.1885218334432055,9149.35745826086,8014.3603089192575
7.757757757757758,1.1885094673731278,9278.58516674463,8127.447281239065
7.767767767767768,1.1884972564007288,9409.636819373358,8242.130204403118
7.777777777777778,1.1884851847589784,9542.538177179298,8358.431619319665
7.787787787787788,1.188473245735137,9677.315324281713,8476.374349597001
7.797797797797798,1.1884614533664553,9813.994752305425,8595.981575408188
7.807807807807808,1.1884498099233258,9952.603290177938,8717.276772067542
7.817817817817818,1.1884383013599995,10093.168177189324,8840.283773958556
7.827827827827828,1.1884269196773782,10235.717011119901,8965.026729142908
7.837837837837838,1.1884156724305435,10380.277799495288,9091.5301442075
7.847847847847848,1.1884045652733148,10526.878930299437,9219.818858640449
7.857857857857858,1.188393591965786,10675.549201647516,9349.91807079615
7.867867867867868,1.1883827461884597,10826.317813735586,9481.853330849768
7.877877877877878,1.1883720285987622,10979.214378200239,9615.650548986023
7.887887887887888,1.1883614398275453,11134.268930037248,9751.33600582889
7.897897897897898,1.1883509767492322,11291.511918018397,9888.936344056785
7.907907907907908,1.1883406355101251,11450.974235202231,10028.478595099059
7.917917917917918,1.18833041623022,11612.68719175843,10169.990155356829
7.927927927927928,1.188320323248576,11776.682562712207,10313.498827979285
7.937937937937938,1.1883103531895314,11942.992544593035,10459.032784932697
7.947947947947948,1.1883004922210243,12111.649819022026,10606.620622639724
7.957957957957958,1.1882907419646296,12282.687494538843,10756.29131107492
7.967967967967968,1.1882811301371117,12456.139184605772,10908.074262017131
7.977977977977978,1.1882716314901136,12632.038927722642,11061.99925915938
7.987987987987988,1.1882621999922818,12810.4212813397,11218.096540278166
7.997997997997998,1.1882529460997369,12991.321406243718,11376.396871050902
8.008008008008009,1.188243774299391,13174.77483385699,11536.931341486425
8.018018018018019,1.1882347119380199,13360.817195682102,11699.731129148415
8.028028028028029,1.1882257578332178,13549.485393972416,11864.82852351107
8.038038038038039,1.1882169106378064,13740.816423744984,12032.255895216776
8.048048048048049,1.1882081691366666,13934.847866733846,12202.046128285248
8.058058058058059,1.1881995321266807,14131.617750609936,12374.232496930956
8.068068068068069,1.188190998314679,14331.164767252885,12548.848856550967
8.078078078078079,1.1881825665428025,14533.528134636439,12725.929522874647
8.088088088088089,1.1881742356717357,14738.747610054697,12905.50928353665
8.098098098098099,1.1881660044850608,14946.86351152278,13087.623416802506
8.108108108108109,1.1881578717836947,15157.91671177101,13272.307686313517
8.118118118118119,1.1881498365064294,15371.948673701223,13459.598372111028
8.128128128128129,1.1881418974591331,15589.001386650667,13649.532214867344
8.138138138138139,1.1881340535371165,15809.117536994027,13842.14656516251
8.148148148148149,1.1881263036075342,16032.340290905455,14037.479193401074
8.158158158158159,1.1881186465916824,16258.713535732872,14235.568501014599
8.168168168168169,1.188111081411028,16488.28170752082,14436.453369544179
8.178178178178179,1.188103606987893,16721.089894351575,14640.173251063898
8.188188188188189,1.1880962222505669,16957.18384328418,14846.768174252473
8.198198198198199,1.1880889261543408,17196.60989100055,15056.278683708631
8.208208208208209,1.188081717678142,17439.41511336151,15268.745970812606
8.218218218218219,1.188074595800225,17685.647142552145,15484.211713728337
8.228228228228229,1.1880675594626455,17935.35441966733,15702.718298415817
8.238238238238239,1.1880606076588336,18188.585933599144,15924.308590157567
8.248248248248249,1.1880537393719057,18445.391387440046,16149.026079161407
8.258258258258259,1.1880469537862166,18705.821249315028,16376.914925038593
8.268268268268269,1.1880402500028335,18969.926657885506,16608.019874119735
8.278278278278279,1.1880336271840342,19237.75948914232,16842.386317898665
8.288288288288289,1.188027083658046,19509.372331690047,17080.0602714063
8.298298298298299,1.1880206179137347,19784.818542018515,17321.088421573124
8.308308308308309,1.1880142284684274,20064.152253182296,17565.518134823746
8.318318318318319,1.1880079176227945,20347.428317887974,17813.397407277833
8.328328328328329,1.1880016888632448,20634.702362982858,18064.774912428024
8.338338338338339,1.1879955442196324,20926.030836304173,18319.70004213329
8.348348348348349,1.1879894777433586,21221.470959130333,18578.22286501457
8.358358358358359,1.1879834684855783,21521.080746932752,18840.394144613438
8.368368368368369,1.1879775007898055,21824.919034711453,19106.265361558362
8.378378378378379,1.1879716281275658,22133.045490622066,19375.88872548038
8.388388388388389,1.1879658310347339,22445.520640217885,19649.317196242697
8.398398398398399,1.187960105092876,22762.405891409777,19926.60450576937
8.408408408408409,1.187954448057766,23083.76349882608,20207.805126861964
8.418418418418419,1.187948859417294,23409.65653759011,20492.974250254905
8.428428428428429,1.1879433382911146,23740.14900423364,20782.16787291508
8.438438438438439,1.1879378839948775,24075.305681965754,21075.442680151948
8.448448448448449,1.1879324956479467,24415.192473654963,21372.85633697699
8.458458458458459,1.1879271723010323,24759.876199331506,21674.46731091819
8.468468468468469,1.1879219141111421,25109.42457270221,21980.33485147039
8.478478478478479,1.187916715707649,25463.906239495525,22290.51902364802
8.488488488488489,1.1879115838484602,25823.390832096364,22605.08075578839
8.498498498498499,1.1879065167504548,26187.94890762019,22924.0817853691
8.508508508508509,1.1879015081328996,26557.652083737947,23247.58477785433
8.518518518518519,1.1878965589009451,26932.572951134018,23575.653250094107
8.528528528528529,1.1878916721601114,27312.78514888573,23908.351636282012
8.538538538538539,1.1878868431061347,27698.363366179503,24245.745289458013
8.548548548548549,1.1878820702252555,28089.383316411808,24587.90045884546
8.558558558558559,1.187877358769402,28485.921817284427,24934.884359934043
8.568568568568569,1.1878727067841524,28888.056744234542,25286.765133732766
8.578578578578579,1.1878681063528382,29295.867097059694,25643.611905066657
8.588588588588589,1.1878635585673107,29709.432937858972,26005.494728273487
8.598598598598599,1.187859072052425,30128.8355350992,26372.48471326186
8.608608608608609,1.1878546465355697,30554.157200891408,26744.653883130137
8.618618618618619,1.1878502684730743,30985.481533300117,27122.07538618761
8.62862862862863,1.1878459352866542,31422.893172385473,27504.823282488367
8.63863863863864,1.1878416589347798,31866.47810150749,27892.972807472077
8.64864864864865,1.187837440138724,32316.323365125958,28286.600125042063
8.65865865865866,1.1878332699817986,32772.51739003444,28685.78260864492
8.66866866866867,1.1878291475596148,33235.149707550074,29090.598598184315
8.67867867867868,1.1878250773601193,33704.311228309656,29501.127640468017
8.68868868868869,1.1878210620662946,34180.09406531148,29917.450334370307
8.6986986986987,1.187817095868804,34662.59167914912,30339.648457912306
8.70870870870871,1.1878131714412683,35151.89883220778,30767.804928183006
8.71871871871872,1.1878092910733131,35648.11161236951,31202.003822079932
8.72872872872873,1.1878054615522053,36151.327502318774,31642.33043695215
8.73873873873874,1.1878016809025935,36661.64529667459,32088.87121809254
8.74874874874875,1.1877979436875277,37179.16527114513,32541.7139067474
8.75875875875876,1.187794251535901,37703.98900889753,33000.94738818877
8.76876876876877,1.187790611430058,38236.21965328288,33466.661912849064
8.77877877877878,1.1877870234269268,38775.96165989992,33938.94887937818
8.78878878878879,1.1877834717046531,39323.32111683327,34417.90111485296
8.7987987987988,1.1877799517163339,39878.405437977686,34903.612606432864
8.80880880880881,1.1877764780392623,40441.32373570714,35396.17882744418
8.81881881881882,1.187773050940136,41012.186473859205,35895.69643374561
8.82882882882883,1.1877696636040727,41591.1058603357,36402.26360725301
8.83883883883884,1.1877663164544834,42178.19551859106,36915.97976848981
8.84884884884885,1.1877630110564872,42773.57080782882,37436.94585675981
8.85885885885886,1.187759748180256,43377.34862687163,37965.26415853363
8.86886886886887,1.1877565268248569,43989.64757159277,38501.038445201404
8.87887887887888,1.1877533458124612,44610.58790271137,39044.37394489338
8.88888888888889,1.1877502029529956,45240.291551231094,39595.37734723889
8.8988988988989,1.1877470937899164,45878.8822289957,40154.156900102535
8.90890890890891,1.1877440191232886,46526.485303133864,40720.822299722626
8.91891891891892,1.18774098859747,47183.22802863109,41295.484894211135
8.92892892892893,1.1877380019370898,47849.23931232967,41878.25747705591
8.93893893893894,1.1877350468872967,48524.65004733913,42469.25457973008
8.94894894894895,1.1877321227852948,49209.592786442685,43068.59218591983
8.95895895895896,1.1877292379532525,49904.202158784,43676.388096125615
8.96896896896897,1.1877263917644043,50608.61447201961,44292.76157954774
8.97897897897898,1.1877235762620495,51322.96819242491,44917.83379417888
8.98898898898899,1.1877207896108997,52047.40350159113,45551.72739891228
8.998998998999,1.1877180401964633,52782.06278507876,46194.566981113116
9.00900900900901,1.1877153313367594,53527.09024246726,46846.478715413745
9.01901901901902,1.1877126566892002,54282.63225651653,47507.59068673059
9.02902902902903,1.1877100112703147,55048.83718191168,48178.03270541446
9.03903903903904,1.1877073974418528,55825.85551014191,48857.93645151885
9.04904904904905,1.187704818297174,56613.83986081828,49547.43546720372
9.05905905905906,1.187702269827222,57412.94495907166,50246.665136959746
9.06906906906907,1.1876997446367636,58223.3278027452,50955.76283390117
9.07907907907908,1.1876972448019196,59045.14747870674,51674.867759037756
9.08908908908909,1.187694784906679,59878.56547985518,52404.12121865494
9.0990990990991,1.1876923658489331,60723.745386191564,53143.66634525418
9.10910910910911,1.1876899721230512,61580.85330627335,53893.648483825855
9.11911911911912,1.1876876035015924,62450.05744797666,54654.21481626228
9.12912912912913,1.187685266912816,63331.52865983325,55425.514835028516
9.13913913913914,1.1876829602103653,64225.439915765186,56207.69989230727
9.14914914914915,1.1876806801342357,65131.966932626994,57000.923740347236
9.15915915915916,1.1876784259038238,66051.2876047223,57805.34203666477
9.16916916916917,1.1876761981677795,66983.58261161763,58621.112875881096
9.17917917917918,1.1876739967029832,67929.03495672373,59448.39638598118
9.18918918918919,1.1876718242106796,68887.83038984828,60287.35509804702
9.1991991991992,1.1876696841136594,69860.15718551168,61138.15375228415
9.20920920920921,1.1876675715767593,70846.20630928519,62000.95944356861
9.21921921921922,1.187665477403931,71846.17144626651,62875.941646362524
9.22922922922923,1.1876634041188223,72860.24893620214,63763.272157944346
9.23923923923924,1.1876613622249963,73888.63801856819,64663.12531285492
9.24924924924925,1.187659350179266,74931.54056979518,65575.67775297166
9.25925925925926,1.1876573601707159,75989.16153214456,66501.10880277488
9.26926926926927,1.1876553930192721,77061.70848538063,67439.60009455876
9.27927927927928,1.187653451660918,78149.39222758028,68391.33607664073
9.28928928928929,1.1876515350254557,79252.42621275291,69356.5035212797
9.2992992992993,1.1876496400495318,80371.02725271693,70335.2921388176
9.30930930930931,1.1876477656111113,81505.41485097785,71327.89399482241
9.31931931931932,1.1876459175790892,82655.8119960029,72334.5042042028
9.32932932932933,1.1876440978649718,83822.44444061136,73355.32030067586
9.33933933933934,1.187642295730098,85005.54145767631,74390.54289800729
9.34934934934935,1.1876405044808407,86205.33529602597,75440.37521392302
9.35935935935936,1.187638735930552,87422.0616600271,76505.02348974302
9.36936936936937,1.1876370031076895,88655.9594853916,77584.69679421412
9.37937937937938,1.1876352985111056,89907.27109751817,78679.60716206157
9.38938938938939,1.1876336074393052,91176.24229610019,79789.96966801942
9.3993993993994,1.1876319326869407,92463.12222849598,80916.00231602631
9.40940940940941,1.1876302824224307,93768.16374094752,82057.92634654339
9.41941941941942,1.1876286538708403,95091.62300890592,83215.96591309119
9.42942942942943,1.187627043314869,96433.76011357446,84390.34858672344
9.43943943943944,1.1876254509001036,97794.83846987819,85581.30485549996
9.44944944944945,1.1876238769741059,99175.12558830147,86789.06879109489
9.45945945945946,1.1876223212234025,100574.89234002495,88013.87740579176
9.46946946946947,1.1876207883873329,101994.41386530933,89255.97144731856
9.47947947947948,1.1876192811162616,103433.96871387491,90515.59464668066
9.48948948948949,1.1876177876022356,104893.83986264402,91792.99460868689
9.4994994994995,1.187616304198224,106374.31379828833,93088.42200917583
9.50950950950951,1.1876148403639604,107875.68145635513,94402.13141675056
9.51951951951952,1.1876134010354478,109398.23758223027,95734.3807336235
9.52952952952953,1.1876119812708854,110942.28126992847,97085.43166705854
9.53953953953954,1.1876105762633453,112508.115747842,98455.54954189989
9.54954954954955,1.1876091878512207,114096.04851482775,99845.00341964749
9.55955955955956,1.187607818394099,115706.39150705442,101254.066244449
9.56956956956957,1.1876064660669847,117339.46088313671,102683.01465509295
9.57957957957958,1.1876051276324853,118995.57751889256,104132.12941792069
9.58958958958959,1.187603803798452,120675.06649413392,105601.69497776798
9.5995995995996,1.1876025015863516,122378.25786348837,107092.0001324335
9.60960960960961,1.187601220892562,124105.48589609785,108603.33736741678
9.61961961961962,1.1875999455968855,125857.09007217835,110136.00372790903
9.62962962962963,1.1875986722487923,127633.4141251653,111690.29998066703
9.63963963963964,1.187597429029781,129434.80721536216,113266.53164095324
9.64964964964965,1.187596224016848,131261.6228271347,114865.00800758714
9.65965965965966,1.1875950245403673,133114.21988810133,116486.04314223913
9.66966966966967,1.1875938148555438,134992.96213677232,118129.95531610803
9.67967967967968,1.1875926380321078,136898.21862401062,119797.06744869382
9.68968968968969,1.187591475659146,138830.36356597694,121487.70697913974
9.6996996996997,1.1875903233602905,140789.7764365727,123202.20594711037
9.70970970970971,1.1875891888187984,142776.84206425791,124940.90107750763
9.71971971971972,1.1875880643259524,144791.95070956522,126704.13384829878
9.72972972972973,1.18758695568673,146835.49813475486,128492.25055146111
9.73973973973974,1.1875858655264033,148907.88568990512,130305.60236831316
9.74974974974975,1.1875847876681285,151009.52038442905,132144.54543209233
9.75975975975976,1.1875837192089966,153140.8150109574,134009.44093635122
9.76976976976977,1.18758265707966,155302.18806727132,135900.65506664896
9.77977977977978,1.1875816176509038,157494.06411948046,137818.5593183298
9.78978978978979,1.187580597723418,159716.87357609885,139763.53029884413
9.7997997997998,1.1875795769471513,161971.05300489563,141735.95000499283
9.80980980980981,1.1875785708725903,164257.04517431546,143736.20585916325
9.81981981981982,1.1875775839298628,166575.29895734592,145764.6906252193
9.82982982982983,1.187576605292488,168926.26973739403,147821.80276364362
9.83983983983984,1.1875756380659281,171310.41917932863,149907.94623119646
9.84984984984985,1.1875746895452606,173728.21552414427,152023.53073874733
9.85985985985986,1.1875737480216069,176180.13369719614,154168.97184598376
9.86986986986987,1.1875728103855563,178666.6551362198,156344.69081092495
9.87987987987988,1.1875718930969916,181188.26827742485,158551.11501525252
9.88988988988989,1.1875709925928017,183745.4683038272,160788.67774410616
9.8998998998999,1.1875700971324241,186338.75743296888,163057.81843783683
9.90990990990991,1.1875692148725727,188968.645068025,165358.98282422198
9.91991991991992,1.1875683441923621,191635.64759042175,167692.62273700998
9.92992992992993,1.1875674747961087,194340.28888292756,170059.1965736246
9.93993993993994,1.1875666141091317,197083.10008261673,172459.1690790051
9.94994994994995,1.187565779615954,199864.61984945645,174893.011580621
9.95995995995996,1.1875649561053312,202685.39456256691,177361.2021602046
9.96996996996997,1.1875641406842252,205545.9780884023,179864.22545090393
9.97997997997998,1.1875633296485684,208446.9323261584,182402.57311451592
9.98998998998999,1.1875625233673914,211388.82697839133,184976.7436407773
10.0,1.1875617285696347,214372.23979126403,187587.24255757997
